Date,Year,Month,Day,Inventory Level,Sales
2022-01-01,2022,7,5,21,82
2022-01-02,2020,3,24,99,92
2022-01-03,2022,3,9,32,51
2022-01-04,2022,8,27,94,47
2022-01-05,2020,5,3,39,4
2022-01-06,2020,4,28,12,7
2022-01-07,2022,8,10,47,35
2022-01-08,2021,6,19,18,48
2022-01-09,2022,2,3,21,73
2022-01-10,2022,4,29,13,72
2022-01-11,2022,12,29,21,45
2022-01-12,2022,11,22,8,81
2022-01-13,2020,4,31,46,81
2022-01-14,2022,6,15,7,97
2022-01-15,2021,6,1,23,96
2022-01-16,2020,1,7,96,72
2022-01-17,2021,8,12,75,19
2022-01-18,2021,6,17,86,63
2022-01-19,2021,3,30,22,38
2022-01-20,2021,9,21,89,67
2022-01-21,2020,2,31,22,59
2022-01-22,2020,11,26,92,69
2022-01-23,2021,8,29,29,13
2022-01-24,2021,10,24,13,47
2022-01-25,2020,3,20,82,61
2022-01-26,2020,12,5,2,31
2022-01-27,2020,5,4,29,80
2022-01-28,2022,6,28,85,96
2022-01-29,2022,10,12,79,22
2022-01-30,2022,6,30,52,93
2022-01-31,2021,4,20,27,86
2022-02-01,2022,3,28,50,43
2022-02-02,2021,4,24,95,67
2022-02-03,2021,1,18,79,54
2022-02-04,2022,4,17,23,10
2022-02-05,2021,1,19,88,42
2022-02-06,2022,12,9,44,64
2022-02-07,2022,1,4,77,21
2022-02-08,2020,10,26,22,80
2022-02-09,2022,6,21,43,76
2022-02-10,2020,5,2,37,66
2022-02-11,2022,11,4,61,41
2022-02-12,2022,4,2,97,24
2022-02-13,2020,11,15,56,35
2022-02-14,2020,3,2,3,56
2022-02-15,2022,1,4,63,30
2022-02-16,2021,6,6,19,57
2022-02-17,2020,2,7,23,94
2022-02-18,2021,8,10,29,47
2022-02-19,2021,10,19,30,35
2022-02-20,2021,5,19,39,19
2022-02-21,2020,7,26,25,8
2022-02-22,2021,10,22,8,26
2022-02-23,2020,12,29,58,71
2022-02-24,2021,2,12,16,30
2022-02-25,2022,8,3,72,7
2022-02-26,2022,2,13,1,67
2022-02-27,2020,4,18,5,65
2022-02-28,2022,1,8,3,36
2022-03-01,2022,5,21,65,25
2022-03-02,2021,9,15,4,37
2022-03-03,2020,1,1,99,1
2022-03-04,2021,9,3,96,15
2022-03-05,2021,11,26,64,37
2022-03-06,2021,8,8,98,13
2022-03-07,2021,6,4,89,8
2022-03-08,2021,7,16,10,5
2022-03-09,2021,3,30,21,60
2022-03-10,2021,1,23,46,73
2022-03-11,2020,5,10,91,1
2022-03-12,2022,12,12,27,36
2022-03-13,2021,12,14,66,35
2022-03-14,2021,2,14,41,66
2022-03-15,2021,5,2,13,63
2022-03-16,2021,8,23,9,23
2022-03-17,2021,11,5,36,9
2022-03-18,2021,9,5,86,34
2022-03-19,2022,2,6,90,46
2022-03-20,2022,12,13,58,78
2022-03-21,2021,3,9,54,4
2022-03-22,2022,3,30,12,30
2022-03-23,2020,1,22,81,95
2022-03-24,2021,8,28,78,75
2022-03-25,2020,6,29,14,99
2022-03-26,2020,12,15,34,72
2022-03-27,2021,8,14,53,3
2022-03-28,2022,11,24,20,14
2022-03-29,2020,9,7,75,60
2022-03-30,2021,5,25,16,77
2022-03-31,2020,12,20,95,45
2022-04-01,2020,3,2,70,96
2022-04-02,2020,5,7,56,34
2022-04-03,2020,5,6,83,45
2022-04-04,2022,5,17,58,61
2022-04-05,2020,3,27,4,83
2022-04-06,2020,11,25,4,16
2022-04-07,2020,10,25,20,66
2022-04-08,2022,4,28,10,40
2022-04-09,2020,9,2,24,17
2022-04-10,2020,10,3,99,34
2022-04-11,2022,9,5,26,16
2022-04-12,2022,2,5,37,60
2022-04-13,2022,8,31,85,66
2022-04-14,2020,8,1,54,66
2022-04-15,2022,7,8,21,90
2022-04-16,2022,8,12,74,13
2022-04-17,2020,3,24,38,56
2022-04-18,2022,6,4,46,31
2022-04-19,2020,1,13,4,34
2022-04-20,2021,7,23,60,39
2022-04-21,2022,1,15,57,67
2022-04-22,2021,9,31,45,8
2022-04-23,2020,1,11,20,87
2022-04-24,2022,1,10,17,78
2022-04-25,2020,7,3,71,55
2022-04-26,2021,2,22,4,27
2022-04-27,2020,5,14,93,93
2022-04-28,2022,8,16,14,53
2022-04-29,2022,8,10,3,39
2022-04-30,2021,3,29,88,65
2022-05-01,2020,7,10,80,17
2022-05-02,2022,3,12,58,30
2022-05-03,2021,6,30,55,53
2022-05-04,2022,6,9,4,13
2022-05-05,2022,3,1,24,21
2022-05-06,2020,7,5,34,19
2022-05-07,2022,3,20,30,53
2022-05-08,2020,8,8,82,19
2022-05-09,2022,10,11,19,57
2022-05-10,2021,4,12,31,25
2022-05-11,2022,1,1,60,86
2022-05-12,2020,4,25,60,31
2022-05-13,2020,7,22,19,81
2022-05-14,2021,11,20,49,55
2022-05-15,2022,4,28,63,23
2022-05-16,2022,6,25,83,32
2022-05-17,2021,9,11,22,62
2022-05-18,2022,1,5,24,74
2022-05-19,2022,5,15,76,10
2022-05-20,2020,11,5,30,100
2022-05-21,2022,7,12,58,72
2022-05-22,2022,1,5,31,54
2022-05-23,2021,4,17,100,52
2022-05-24,2021,6,17,64,20
2022-05-25,2020,2,24,19,32
2022-05-26,2022,10,12,48,14
2022-05-27,2022,5,24,45,50
2022-05-28,2022,11,28,100,28
2022-05-29,2020,10,15,94,53
2022-05-30,2020,1,15,55,24
2022-05-31,2021,6,6,55,79
2022-06-01,2020,6,12,97,22
2022-06-02,2022,4,27,18,30
2022-06-03,2022,8,29,63,63
2022-06-04,2020,4,20,92,4
2022-06-05,2022,8,18,47,77
2022-06-06,2022,8,14,75,59
2022-06-07,2020,5,2,57,87
2022-06-08,2020,4,9,45,8
2022-06-09,2022,12,31,33,82
2022-06-10,2022,2,5,17,12
2022-06-11,2022,11,20,70,31
2022-06-12,2021,3,26,4,78
2022-06-13,2021,3,29,20,34
2022-06-14,2021,4,1,47,82
2022-06-15,2020,4,23,91,98
2022-06-16,2021,10,3,15,75
2022-06-17,2020,11,6,70,76
2022-06-18,2020,11,5,47,49
2022-06-19,2021,5,21,78,79
2022-06-20,2021,4,27,75,57
2022-06-21,2021,11,5,9,95
2022-06-22,2022,10,1,90,93
2022-06-23,2021,8,17,16,26
2022-06-24,2022,6,19,69,18
2022-06-25,2020,6,14,61,96
2022-06-26,2022,8,12,10,86
2022-06-27,2021,7,10,50,38
2022-06-28,2020,10,20,3,81
2022-06-29,2020,11,21,77,87
2022-06-30,2020,12,18,94,88
2022-07-01,2022,10,24,70,50
2022-07-02,2021,8,27,81,8
2022-07-03,2020,2,11,51,41
2022-07-04,2020,9,30,19,6
2022-07-05,2020,1,2,42,69
2022-07-06,2022,8,25,35,44
2022-07-07,2022,12,18,46,64
2022-07-08,2021,11,29,26,29
2022-07-09,2022,12,25,69,28
2022-07-10,2020,12,7,93,11
2022-07-11,2021,4,31,64,65
2022-07-12,2020,4,24,37,19
2022-07-13,2020,5,15,84,9
2022-07-14,2022,8,11,49,27
2022-07-15,2021,5,18,21,34
2022-07-16,2022,8,23,74,44
2022-07-17,2022,10,12,64,68
2022-07-18,2021,1,6,5,100
2022-07-19,2020,12,20,100,82
2022-07-20,2020,10,23,70,15
2022-07-21,2021,9,30,90,51
2022-07-22,2020,6,13,4,13
2022-07-23,2021,3,20,39,83
2022-07-24,2021,8,16,35,49
2022-07-25,2022,9,18,1,70
2022-07-26,2021,6,10,24,56
2022-07-27,2022,11,28,57,76
2022-07-28,2020,7,23,100,51
2022-07-29,2020,1,8,70,37
2022-07-30,2020,5,18,41,17
2022-07-31,2020,5,21,54,58
2022-08-01,2022,10,1,46,87
2022-08-02,2020,4,23,60,90
2022-08-03,2021,6,8,60,29
2022-08-04,2021,7,29,57,33
2022-08-05,2021,9,6,31,60
2022-08-06,2022,1,5,84,91
2022-08-07,2020,6,15,24,89
2022-08-08,2020,7,22,89,55
2022-08-09,2020,3,15,36,10
2022-08-10,2022,8,2,85,47
2022-08-11,2021,5,1,30,23
2022-08-12,2021,9,23,24,85
2022-08-13,2020,5,23,30,21
2022-08-14,2021,9,26,86,13
2022-08-15,2021,10,11,92,33
2022-08-16,2022,4,10,7,24
2022-08-17,2022,9,30,35,11
2022-08-18,2022,5,18,55,17
2022-08-19,2022,10,18,92,68
2022-08-20,2020,9,17,14,47
2022-08-21,2022,3,26,10,25
2022-08-22,2021,4,8,80,94
2022-08-23,2020,9,15,16,73
2022-08-24,2021,10,8,54,21
2022-08-25,2021,11,17,95,84
2022-08-26,2021,6,12,89,83
2022-08-27,2022,2,27,77,83
2022-08-28,2022,7,8,70,12
2022-08-29,2020,2,25,44,37
2022-08-30,2020,11,14,73,42
2022-08-31,2022,2,4,45,17
2022-09-01,2021,11,1,100,48
2022-09-02,2020,1,1,56,28
2022-09-03,2022,11,19,84,41
2022-09-04,2022,11,31,82,99
2022-09-05,2022,12,16,57,47
2022-09-06,2021,11,14,21,18
2022-09-07,2022,3,21,68,78
2022-09-08,2022,6,16,50,99
2022-09-09,2022,8,5,33,71
2022-09-10,2022,9,9,91,13
2022-09-11,2020,7,26,7,82
2022-09-12,2020,4,30,70,13
2022-09-13,2022,6,28,15,100
2022-09-14,2021,5,2,82,31
2022-09-15,2020,8,18,32,2
2022-09-16,2022,1,6,75,16
2022-09-17,2020,1,31,20,9
2022-09-18,2020,11,9,88,73
2022-09-19,2021,6,1,15,38
2022-09-20,2022,10,9,48,75
2022-09-21,2022,12,25,71,54
2022-09-22,2021,2,16,21,56
2022-09-23,2021,5,13,42,86
2022-09-24,2022,1,9,26,97
2022-09-25,2022,7,21,14,100
2022-09-26,2021,1,13,57,87
2022-09-27,2020,4,31,37,45
2022-09-28,2020,9,9,58,34
2022-09-29,2021,1,11,21,9
2022-09-30,2020,4,4,82,88
2022-10-01,2021,6,2,69,8
2022-10-02,2020,6,29,3,7
2022-10-03,2020,12,6,87,36
2022-10-04,2022,8,14,90,18
2022-10-05,2022,1,4,37,3
2022-10-06,2020,7,6,88,28
2022-10-07,2020,1,19,49,70
2022-10-08,2022,7,6,19,44
2022-10-09,2022,3,2,89,21
2022-10-10,2022,11,18,85,28
2022-10-11,2021,8,13,12,54
2022-10-12,2020,3,9,61,54
2022-10-13,2022,1,23,41,65
2022-10-14,2020,8,19,33,100
2022-10-15,2021,3,13,50,21
2022-10-16,2021,2,11,68,99
2022-10-17,2022,1,1,71,13
2022-10-18,2021,3,24,86,57
2022-10-19,2020,2,30,33,49
2022-10-20,2022,2,22,81,54
2022-10-21,2020,6,7,24,10
2022-10-22,2020,12,25,61,53
2022-10-23,2021,1,21,61,44
2022-10-24,2021,2,15,98,47
2022-10-25,2021,6,1,28,53
2022-10-26,2021,3,12,58,74
2022-10-27,2021,4,26,43,46
2022-10-28,2022,1,7,41,13
2022-10-29,2020,8,15,39,37
2022-10-30,2020,7,21,86,24
2022-10-31,2020,7,19,49,2
2022-11-01,2020,3,28,17,86
2022-11-02,2021,10,29,98,81
2022-11-03,2020,10,25,70,100
2022-11-04,2022,3,1,70,14
2022-11-05,2022,2,17,98,10
2022-11-06,2020,12,17,65,35
2022-11-07,2020,1,3,74,25
2022-11-08,2022,7,12,85,3
2022-11-09,2022,7,6,5,17
2022-11-10,2021,12,26,2,12
2022-11-11,2022,2,11,22,54
2022-11-12,2021,7,3,57,24
2022-11-13,2021,8,8,66,29
2022-11-14,2021,1,14,74,43
2022-11-15,2021,9,14,98,25
2022-11-16,2021,7,10,16,100
2022-11-17,2020,3,2,51,60
2022-11-18,2022,8,14,39,90
2022-11-19,2021,7,9,86,65
2022-11-20,2022,11,3,76,84
2022-11-21,2022,8,21,88,28
2022-11-22,2021,6,26,40,16
2022-11-23,2020,9,8,38,47
2022-11-24,2021,5,16,60,81
2022-11-25,2020,3,2,59,92
2022-11-26,2022,3,6,10,58
2022-11-27,2020,1,28,99,76
2022-11-28,2020,12,21,64,27
2022-11-29,2020,8,29,63,53
2022-11-30,2022,2,26,49,42
2022-12-01,2022,3,25,64,59
2022-12-02,2020,8,12,32,47
2022-12-03,2020,8,5,7,94
2022-12-04,2021,11,2,21,34
2022-12-05,2020,4,16,20,37
2022-12-06,2021,4,5,26,6
2022-12-07,2020,5,15,68,7
2022-12-08,2021,6,12,86,96
2022-12-09,2022,5,4,15,96
2022-12-10,2020,7,15,85,25
2022-12-11,2020,2,11,79,33
2022-12-12,2020,7,16,86,55
2022-12-13,2020,10,23,92,58
2022-12-14,2021,7,6,14,7
2022-12-15,2020,1,14,27,57
2022-12-16,2022,7,18,40,12
2022-12-17,2022,5,12,58,16
2022-12-18,2020,3,27,28,80
2022-12-19,2022,3,11,26,43
2022-12-20,2020,4,13,63,100
2022-12-21,2020,12,21,66,77
2022-12-22,2022,2,23,25,7
2022-12-23,2020,2,11,3,100
2022-12-24,2022,1,23,72,51
2022-12-25,2021,5,16,44,73
2022-12-26,2020,4,15,97,32
2022-12-27,2021,11,21,42,75
2022-12-28,2022,10,28,99,8
2022-12-29,2021,2,15,6,97
2022-12-30,2021,3,25,39,87
2022-12-31,2022,7,4,52,89
2023-01-01,2021,7,11,23,72
2023-01-02,2021,12,19,89,45
2023-01-03,2022,4,15,50,86
2023-01-04,2021,5,4,43,59
2023-01-05,2022,5,21,19,4
2023-01-06,2021,6,13,69,67
2023-01-07,2022,9,22,51,29
2023-01-08,2022,2,19,11,29
2023-01-09,2021,5,2,12,98
2023-01-10,2021,12,14,74,98
2023-01-11,2021,3,29,8,28
2023-01-12,2020,4,4,24,77
2023-01-13,2020,10,16,92,79
2023-01-14,2020,6,21,41,87
2023-01-15,2022,12,20,36,44
2023-01-16,2021,8,14,85,90
2023-01-17,2022,1,27,72,4
2023-01-18,2020,10,29,55,90
2023-01-19,2021,8,15,9,9
2023-01-20,2022,11,28,47,5
2023-01-21,2021,7,3,15,56
2023-01-22,2022,1,8,48,96
2023-01-23,2021,2,16,82,84
2023-01-24,2020,3,10,42,50
2023-01-25,2020,1,4,60,75
2023-01-26,2021,9,30,84,15
2023-01-27,2022,8,18,70,32
2023-01-28,2020,2,2,12,28
2023-01-29,2020,9,17,2,22
2023-01-30,2020,7,13,7,17
2023-01-31,2021,9,4,80,59
2023-02-01,2021,6,26,3,90
2023-02-02,2022,6,25,3,71
2023-02-03,2022,11,30,27,57
2023-02-04,2022,4,11,40,26
2023-02-05,2021,10,7,33,25
2023-02-06,2021,10,31,92,10
2023-02-07,2022,2,12,1,45
2023-02-08,2022,7,10,8,83
2023-02-09,2021,5,7,32,11
2023-02-10,2022,11,13,48,77
2023-02-11,2020,6,31,4,53
2023-02-12,2021,2,7,94,72
2023-02-13,2022,5,31,70,68
2023-02-14,2021,10,24,19,95
2023-02-15,2020,4,17,32,28
2023-02-16,2021,9,10,9,75
2023-02-17,2021,6,29,12,65
2023-02-18,2021,2,10,11,49
2023-02-19,2021,1,24,46,47
2023-02-20,2020,5,4,16,52
2023-02-21,2021,9,20,1,88
2023-02-22,2021,6,4,63,54
2023-02-23,2022,10,22,21,60
2023-02-24,2021,12,7,30,57
2023-02-25,2022,7,22,13,47
2023-02-26,2020,5,1,34,31
2023-02-27,2020,10,12,4,46
2023-02-28,2020,6,24,28,26
2023-03-01,2020,5,13,95,5
2023-03-02,2022,11,10,59,84
2023-03-03,2021,9,15,27,52
2023-03-04,2020,6,27,69,75
2023-03-05,2021,11,13,25,54
2023-03-06,2022,8,23,3,33
2023-03-07,2022,2,22,97,50
2023-03-08,2022,12,22,68,38
2023-03-09,2020,9,21,25,27
2023-03-10,2021,5,22,20,98
2023-03-11,2021,7,28,34,15
2023-03-12,2021,10,9,26,96
2023-03-13,2022,1,26,5,61
2023-03-14,2020,10,9,99,21
2023-03-15,2022,5,15,61,46
2023-03-16,2022,12,10,92,69
2023-03-17,2021,10,24,93,6
2023-03-18,2022,2,26,9,38
2023-03-19,2021,12,25,50,62
2023-03-20,2020,6,29,6,86
2023-03-21,2021,11,10,83,62
2023-03-22,2020,1,8,60,82
2023-03-23,2021,3,24,44,78
2023-03-24,2022,5,16,11,74
2023-03-25,2022,4,17,66,46
2023-03-26,2020,3,26,47,13
2023-03-27,2020,10,27,73,95
2023-03-28,2020,5,5,85,94
2023-03-29,2021,11,4,88,3
2023-03-30,2021,8,18,98,94
2023-03-31,2020,11,24,86,6
2023-04-01,2022,4,19,3,93
2023-04-02,2021,1,4,76,8
2023-04-03,2021,11,28,92,44
2023-04-04,2021,7,7,30,33
2023-04-05,2020,8,10,90,81
2023-04-06,2020,3,25,21,75
2023-04-07,2020,6,18,28,77
2023-04-08,2020,2,19,90,50
2023-04-09,2020,7,4,62,11
2023-04-10,2022,8,10,33,95
2023-04-11,2022,6,1,85,28
2023-04-12,2020,6,23,35,70
2023-04-13,2021,5,18,52,41
2023-04-14,2020,8,5,34,16
2023-04-15,2022,1,15,41,68
2023-04-16,2022,10,17,51,99
2023-04-17,2021,4,3,47,48
2023-04-18,2022,4,12,82,56
2023-04-19,2020,3,2,58,64
2023-04-20,2021,3,1,75,59
2023-04-21,2020,4,23,57,90
2023-04-22,2020,11,21,23,62
2023-04-23,2021,1,17,48,76
2023-04-24,2020,11,22,22,11
2023-04-25,2022,11,16,17,89
2023-04-26,2020,2,5,69,18
2023-04-27,2021,9,15,11,19
2023-04-28,2021,10,3,94,87
2023-04-29,2021,2,28,15,55
2023-04-30,2020,5,7,91,82
2023-05-01,2021,9,11,35,26
2023-05-02,2021,9,10,33,6
2023-05-03,2020,8,9,84,4
2023-05-04,2022,1,14,16,29
2023-05-05,2020,1,13,34,59
2023-05-06,2021,9,29,66,98
2023-05-07,2021,11,25,99,17
2023-05-08,2020,8,30,40,43
2023-05-09,2022,10,25,28,80
2023-05-10,2021,9,2,47,66
2023-05-11,2021,7,3,39,34
2023-05-12,2021,3,7,70,8
2023-05-13,2020,3,21,73,13
2023-05-14,2021,2,18,20,8
2023-05-15,2022,5,3,1,94
2023-05-16,2021,12,10,72,96
2023-05-17,2021,12,22,87,100
2023-05-18,2022,3,29,63,94
2023-05-19,2021,6,7,67,65
2023-05-20,2020,2,9,4,43
2023-05-21,2020,12,17,58,39
2023-05-22,2020,3,11,25,81
2023-05-23,2022,5,7,47,59
2023-05-24,2021,12,24,38,84
2023-05-25,2020,11,28,15,88
2023-05-26,2022,11,14,63,86
2023-05-27,2021,1,19,21,93
2023-05-28,2022,1,4,99,86
2023-05-29,2020,10,26,57,44
2023-05-30,2020,9,6,53,9
2023-05-31,2020,7,10,46,37
2023-06-01,2022,1,7,14,74
2023-06-02,2022,12,13,100,36
2023-06-03,2020,8,14,76,92
2023-06-04,2022,3,4,17,28
2023-06-05,2020,8,8,39,42
2023-06-06,2020,5,5,9,43
2023-06-07,2021,1,1,99,85
2023-06-08,2022,7,4,77,88
2023-06-09,2020,5,3,79,42
2023-06-10,2020,6,9,82,66
2023-06-11,2022,6,8,97,55
2023-06-12,2021,8,1,6,72
2023-06-13,2021,9,27,91,48
2023-06-14,2020,2,6,23,91
2023-06-15,2022,9,9,59,22
2023-06-16,2021,12,7,91,27
2023-06-17,2022,11,4,98,93
2023-06-18,2022,10,13,46,67
2023-06-19,2020,9,17,38,13
2023-06-20,2021,10,28,14,45
2023-06-21,2020,10,2,100,10
2023-06-22,2021,7,28,72,100
2023-06-23,2021,1,5,62,9
2023-06-24,2021,7,12,35,54
2023-06-25,2021,10,27,19,27
2023-06-26,2021,5,21,30,34
2023-06-27,2022,6,8,78,1
2023-06-28,2020,10,6,84,32
2023-06-29,2022,7,8,25,89
2023-06-30,2021,5,18,40,93
2023-07-01,2020,7,3,88,71
2023-07-02,2021,9,22,14,67
2023-07-03,2020,3,12,26,84
2023-07-04,2022,8,29,87,20
2023-07-05,2020,2,26,22,94
2023-07-06,2020,11,3,48,35
2023-07-07,2020,7,22,83,99
2023-07-08,2020,2,6,51,91
2023-07-09,2020,4,2,3,90
2023-07-10,2021,7,23,42,78
2023-07-11,2020,3,12,19,17
2023-07-12,2020,2,2,73,18
2023-07-13,2022,11,6,28,45
2023-07-14,2020,10,17,84,93
2023-07-15,2022,7,3,45,84
2023-07-16,2021,1,2,71,53
2023-07-17,2020,8,23,78,91
2023-07-18,2022,3,30,63,82
2023-07-19,2022,12,20,73,68
2023-07-20,2021,12,8,19,65
2023-07-21,2020,2,22,47,1
2023-07-22,2020,3,12,14,58
2023-07-23,2022,5,26,38,26
2023-07-24,2020,11,4,53,20
2023-07-25,2022,8,5,61,87
2023-07-26,2020,10,13,36,10
2023-07-27,2022,7,29,40,59
2023-07-28,2020,7,31,81,75
2023-07-29,2021,12,15,30,41
2023-07-30,2020,7,25,9,5
2023-07-31,2020,8,23,64,65
2023-08-01,2021,1,16,33,17
2023-08-02,2020,4,10,52,22
2023-08-03,2021,6,30,89,98
2023-08-04,2020,9,30,14,41
2023-08-05,2022,2,25,75,93
2023-08-06,2022,1,23,53,68
2023-08-07,2020,10,16,99,69
2023-08-08,2020,12,12,59,11
2023-08-09,2020,2,17,78,56
2023-08-10,2022,7,16,94,51
2023-08-11,2020,3,12,41,21
2023-08-12,2022,10,8,68,99
2023-08-13,2021,2,20,68,76
2023-08-14,2022,11,3,92,26
2023-08-15,2022,7,16,8,19
2023-08-16,2021,2,30,2,60
2023-08-17,2022,3,13,86,71
2023-08-18,2020,11,23,41,47
2023-08-19,2020,7,28,55,71
2023-08-20,2022,4,19,16,26
2023-08-21,2020,1,8,93,40
2023-08-22,2022,5,22,62,5
2023-08-23,2020,12,5,48,21
2023-08-24,2020,9,20,30,78
2023-08-25,2022,8,8,12,4
2023-08-26,2020,12,24,35,23
2023-08-27,2022,9,12,11,84
2023-08-28,2020,10,1,64,15
2023-08-29,2020,9,25,50,93
2023-08-30,2021,7,30,85,8
2023-08-31,2021,4,21,21,41
2023-09-01,2022,5,20,69,19
2023-09-02,2021,1,6,48,46
2023-09-03,2022,1,22,20,28
2023-09-04,2021,3,18,67,91
2023-09-05,2020,8,8,44,68
2023-09-06,2022,2,7,33,15
2023-09-07,2022,4,1,73,99
2023-09-08,2020,2,21,61,37
2023-09-09,2022,5,16,9,1
2023-09-10,2022,9,12,68,67
2023-09-11,2021,1,6,35,24
2023-09-12,2022,5,20,81,27
2023-09-13,2020,9,2,98,40
2023-09-14,2021,1,29,88,63
2023-09-15,2021,9,14,96,61
2023-09-16,2020,8,4,65,36
2023-09-17,2020,4,1,8,98
2023-09-18,2021,12,23,45,93
2023-09-19,2022,11,18,87,24
2023-09-20,2021,10,13,47,24
2023-09-21,2020,5,2,40,4
2023-09-22,2021,5,9,76,67
2023-09-23,2020,11,21,54,34
2023-09-24,2021,12,2,76,57
2023-09-25,2022,6,27,46,49
2023-09-26,2021,7,25,47,87
2023-09-27,2021,8,9,15,53
2023-09-28,2020,8,1,19,23
2023-09-29,2020,11,11,26,69
2023-09-30,2020,2,3,52,95
2023-10-01,2021,9,20,93,53
2023-10-02,2022,7,30,22,62
2023-10-03,2020,4,23,21,41
2023-10-04,2020,4,26,51,57
2023-10-05,2021,11,4,38,60
2023-10-06,2020,8,18,20,54
2023-10-07,2022,4,23,29,70
2023-10-08,2022,6,6,51,57
2023-10-09,2020,5,3,4,10
2023-10-10,2020,3,22,55,40
2023-10-11,2021,10,11,71,7
2023-10-12,2022,11,15,92,38
2023-10-13,2022,2,22,28,85
2023-10-14,2020,9,28,4,61
2023-10-15,2021,10,5,22,84
2023-10-16,2022,9,20,76,3
2023-10-17,2022,1,10,45,51
2023-10-18,2021,10,12,67,86
2023-10-19,2021,3,15,86,47
2023-10-20,2022,8,17,66,68
2023-10-21,2022,6,10,88,92
2023-10-22,2021,5,6,34,76
2023-10-23,2022,5,18,91,38
2023-10-24,2020,6,13,55,36
2023-10-25,2020,7,3,1,41
2023-10-26,2021,1,30,72,69
2023-10-27,2021,9,24,87,13
2023-10-28,2021,3,10,38,87
2023-10-29,2020,4,30,6,58
2023-10-30,2022,10,14,86,50
2023-10-31,2020,1,6,25,30
2023-11-01,2022,11,3,82,62
2023-11-02,2020,10,16,17,25
2023-11-03,2022,3,7,61,27
2023-11-04,2020,2,20,12,51
2023-11-05,2021,2,14,6,78
2023-11-06,2020,1,9,90,57
2023-11-07,2022,8,15,27,47
2023-11-08,2020,3,21,8,100
2023-11-09,2020,3,3,83,39
2023-11-10,2020,6,2,65,16
2023-11-11,2021,8,27,57,22
2023-11-12,2020,9,2,93,85
2023-11-13,2021,9,3,99,54
2023-11-14,2021,4,18,40,21
2023-11-15,2020,5,14,14,72
2023-11-16,2020,2,20,35,16
2023-11-17,2020,11,18,48,59
2023-11-18,2022,9,10,84,31
2023-11-19,2020,8,25,56,42
2023-11-20,2021,3,2,49,74
2023-11-21,2020,11,25,13,32
2023-11-22,2022,12,29,61,59
2023-11-23,2020,9,22,49,34
2023-11-24,2022,3,1,46,9
2023-11-25,2022,9,4,62,81
2023-11-26,2020,2,31,8,11
2023-11-27,2021,12,14,43,96
2023-11-28,2022,10,1,20,10
2023-11-29,2020,9,14,97,86
2023-11-30,2020,8,16,90,17
2023-12-01,2021,9,22,39,68
2023-12-02,2022,5,14,85,48
2023-12-03,2022,11,29,49,52
2023-12-04,2020,11,20,64,25
2023-12-05,2020,2,3,62,21
2023-12-06,2021,8,3,54,65
2023-12-07,2021,12,9,9,63
2023-12-08,2022,6,6,88,89
2023-12-09,2022,8,25,37,51
2023-12-10,2020,11,13,49,36
2023-12-11,2022,5,21,41,81
2023-12-12,2021,10,2,17,88
2023-12-13,2021,2,8,88,66
2023-12-14,2020,6,21,21,15
2023-12-15,2021,5,2,51,96
2023-12-16,2021,12,4,59,39
2023-12-17,2021,12,25,39,70
2023-12-18,2021,5,15,55,1
2023-12-19,2020,1,4,41,23
2023-12-20,2020,2,13,39,39
2023-12-21,2022,8,28,13,57
2023-12-22,2021,3,12,64,81
2023-12-23,2022,10,28,11,34
2023-12-24,2020,3,13,19,41
2023-12-25,2020,8,31,11,93
2023-12-26,2020,8,14,77,73
2023-12-27,2020,2,20,46,13
2023-12-28,2020,8,18,45,70
2023-12-29,2020,11,29,1,6
2023-12-30,2020,1,28,40,84
2023-12-31,2021,6,31,19,52
2024-01-01,2022,8,6,76,3
2024-01-02,2020,3,29,72,81
2024-01-03,2021,8,11,72,63
2024-01-04,2021,12,30,61,49
2024-01-05,2022,1,2,12,76
2024-01-06,2020,11,28,61,47
2024-01-07,2022,11,23,33,55
2024-01-08,2020,9,19,45,64
2024-01-09,2021,11,31,90,65
2024-01-10,2021,9,19,92,81
2024-01-11,2021,5,5,69,67
2024-01-12,2021,10,19,8,90
2024-01-13,2022,4,2,25,15
2024-01-14,2020,11,10,91,100
2024-01-15,2020,6,25,46,32
2024-01-16,2022,12,2,87,96
2024-01-17,2020,7,30,30,68
2024-01-18,2021,5,11,47,18
2024-01-19,2020,11,18,87,83
2024-01-20,2021,10,29,49,43
2024-01-21,2022,9,31,47,35
2024-01-22,2020,3,24,84,78
2024-01-23,2022,7,15,82,58
2024-01-24,2020,10,9,18,33
2024-01-25,2021,10,23,66,14
2024-01-26,2022,11,19,68,34
2024-01-27,2020,5,9,94,61
2024-01-28,2021,7,3,33,4
2024-01-29,2022,2,21,36,88
2024-01-30,2022,4,9,82,59
2024-01-31,2020,2,28,19,29
2024-02-01,2020,12,30,28,83
2024-02-02,2020,7,14,40,6
2024-02-03,2021,2,19,84,97
2024-02-04,2020,11,7,97,49
2024-02-05,2022,1,16,76,40
2024-02-06,2022,9,16,15,83
2024-02-07,2020,1,28,41,65
2024-02-08,2020,8,1,39,69
2024-02-09,2022,2,4,2,27
2024-02-10,2021,12,4,63,80
2024-02-11,2020,8,7,29,6
2024-02-12,2020,3,8,74,13
2024-02-13,2022,6,17,66,64
2024-02-14,2020,3,5,51,62
2024-02-15,2021,7,7,75,99
2024-02-16,2022,10,28,77,19
2024-02-17,2020,9,20,10,76
2024-02-18,2022,2,29,14,80
2024-02-19,2020,12,20,82,43
2024-02-20,2020,12,4,51,74
2024-02-21,2020,5,28,73,89
2024-02-22,2021,6,6,39,20
2024-02-23,2021,4,7,28,95
2024-02-24,2022,4,18,3,68
2024-02-25,2020,4,31,84,44
2024-02-26,2020,2,5,70,23
2024-02-27,2021,4,20,27,2
2024-02-28,2020,11,31,2,22
2024-02-29,2021,1,30,93,57
2024-03-01,2020,12,29,38,72
2024-03-02,2022,6,3,3,7
2024-03-03,2020,1,7,16,78
2024-03-04,2020,10,27,94,56
2024-03-05,2021,6,28,40,67
2024-03-06,2020,1,22,2,16
2024-03-07,2020,6,14,81,83
2024-03-08,2021,10,7,41,51
2024-03-09,2022,8,5,12,82
2024-03-10,2022,11,29,35,80
2024-03-11,2021,2,22,65,72
2024-03-12,2021,2,5,55,97
2024-03-13,2021,12,30,45,12
2024-03-14,2021,4,23,79,53
2024-03-15,2021,11,2,90,75
2024-03-16,2022,3,30,85,5
2024-03-17,2022,4,27,62,27
2024-03-18,2021,12,21,49,12
2024-03-19,2020,7,22,95,17
2024-03-20,2021,11,6,25,6
2024-03-21,2020,1,15,23,97
2024-03-22,2021,6,21,24,5
2024-03-23,2021,3,10,38,57
2024-03-24,2022,11,23,28,28
2024-03-25,2020,10,26,21,78
2024-03-26,2020,7,24,54,69
2024-03-27,2022,10,7,18,59
2024-03-28,2022,2,5,36,33
2024-03-29,2022,2,1,99,62
2024-03-30,2022,4,13,45,50
2024-03-31,2020,1,21,73,19
2024-04-01,2020,3,26,53,86
2024-04-02,2021,9,18,30,69
2024-04-03,2021,7,13,60,66
2024-04-04,2022,7,21,98,94
2024-04-05,2022,11,21,32,47
2024-04-06,2022,4,18,67,39
2024-04-07,2021,2,5,67,68
2024-04-08,2021,4,13,28,33
2024-04-09,2021,6,4,44,13
2024-04-10,2021,11,17,79,84
2024-04-11,2021,11,3,41,54
2024-04-12,2021,3,17,63,7
2024-04-13,2021,1,28,23,79
2024-04-14,2022,12,11,75,87
2024-04-15,2022,8,31,48,14
2024-04-16,2022,12,21,32,87
2024-04-17,2022,5,20,57,19
2024-04-18,2021,5,23,100,54
2024-04-19,2020,11,21,33,93
2024-04-20,2021,4,26,24,20
2024-04-21,2020,6,30,39,29
2024-04-22,2022,3,4,34,24
2024-04-23,2021,9,2,56,82
2024-04-24,2022,5,20,28,63
2024-04-25,2021,3,16,37,74
2024-04-26,2022,11,28,7,57
2024-04-27,2020,1,18,68,8
2024-04-28,2020,10,8,37,90
2024-04-29,2020,12,3,56,62
2024-04-30,2021,6,9,65,29
2024-05-01,2020,2,29,65,74
2024-05-02,2021,3,20,47,17
2024-05-03,2020,1,29,20,66
2024-05-04,2020,9,6,19,6
2024-05-05,2021,8,10,29,58
2024-05-06,2021,12,21,74,69
2024-05-07,2020,2,10,60,28
2024-05-08,2021,12,13,18,62
2024-05-09,2020,11,17,92,41
2024-05-10,2021,8,9,35,69
2024-05-11,2022,12,17,43,82
2024-05-12,2022,9,24,95,90
2024-05-13,2022,1,9,91,84
2024-05-14,2022,5,9,11,41
2024-05-15,2022,8,1,49,49
2024-05-16,2020,11,2,38,91
2024-05-17,2022,2,28,64,49
2024-05-18,2022,4,16,69,76
2024-05-19,2022,7,29,8,71
2024-05-20,2022,3,1,34,3
2024-05-21,2021,12,10,48,10
2024-05-22,2020,5,18,56,98
2024-05-23,2022,8,26,76,89
2024-05-24,2022,12,28,65,35
2024-05-25,2022,10,8,31,80
2024-05-26,2020,3,21,4,2
2024-05-27,2021,4,28,50,24
2024-05-28,2020,9,11,69,74
2024-05-29,2021,7,23,30,38
2024-05-30,2022,1,2,88,22
2024-05-31,2022,12,8,59,26
2024-06-01,2020,4,27,67,43
2024-06-02,2020,4,22,75,55
2024-06-03,2021,9,8,45,39
2024-06-04,2021,6,17,4,91
2024-06-05,2020,9,15,26,29
2024-06-06,2021,12,17,27,20
2024-06-07,2020,6,28,46,91
2024-06-08,2021,6,23,64,41
2024-06-09,2020,5,24,91,54
2024-06-10,2020,5,13,51,20
2024-06-11,2020,2,19,50,19
2024-06-12,2021,8,5,6,84
2024-06-13,2021,8,12,59,99
2024-06-14,2021,11,1,15,66
2024-06-15,2020,1,23,30,30
2024-06-16,2021,8,5,42,53
2024-06-17,2021,5,8,37,34
2024-06-18,2020,2,13,42,22
2024-06-19,2022,2,8,35,67
2024-06-20,2020,6,25,87,6
2024-06-21,2021,11,23,6,79
2024-06-22,2020,9,11,68,27
2024-06-23,2022,1,1,18,10
2024-06-24,2020,12,13,73,73
2024-06-25,2021,6,19,29,97
2024-06-26,2022,9,24,77,96
2024-06-27,2021,8,3,59,48
2024-06-28,2022,11,24,47,70
2024-06-29,2022,6,17,17,59
2024-06-30,2020,3,5,96,100
2024-07-01,2020,8,20,22,59
2024-07-02,2021,9,21,68,2
2024-07-03,2020,1,8,69,29
2024-07-04,2020,12,26,37,68
2024-07-05,2022,9,31,49,65
2024-07-06,2020,6,14,13,83
2024-07-07,2022,6,4,34,26
2024-07-08,2022,12,11,86,89
2024-07-09,2022,4,20,53,10
2024-07-10,2021,1,15,87,53
2024-07-11,2021,10,19,51,79
2024-07-12,2021,8,7,3,59
2024-07-13,2022,2,19,42,22
2024-07-14,2021,12,28,98,51
2024-07-15,2021,1,19,32,48
2024-07-16,2020,2,11,51,21
2024-07-17,2021,1,26,85,22
2024-07-18,2021,1,5,46,100
2024-07-19,2022,9,5,21,98
2024-07-20,2022,1,30,44,30
2024-07-21,2022,4,22,11,25
2024-07-22,2022,10,8,68,28
2024-07-23,2022,6,10,1,65
2024-07-24,2022,7,6,92,45
2024-07-25,2021,2,15,63,68
2024-07-26,2022,6,16,24,7
2024-07-27,2022,7,28,99,49
2024-07-28,2020,10,17,13,9
2024-07-29,2021,10,31,98,36
2024-07-30,2021,2,8,11,83
2024-07-31,2021,2,8,100,1
2024-08-01,2022,10,25,51,10
2024-08-02,2022,7,9,17,36
2024-08-03,2022,12,2,99,73
2024-08-04,2020,1,15,82,46
2024-08-05,2022,8,18,86,32
2024-08-06,2020,11,3,24,32
2024-08-07,2021,3,17,19,6
2024-08-08,2022,11,4,37,48
2024-08-09,2020,6,30,85,38
2024-08-10,2020,9,4,8,17
2024-08-11,2022,6,14,28,74
2024-08-12,2021,9,9,5,27
2024-08-13,2021,7,9,17,54
2024-08-14,2021,9,25,36,50
2024-08-15,2020,2,26,19,35
2024-08-16,2020,12,23,64,85
2024-08-17,2020,8,30,91,25
2024-08-18,2020,8,31,98,28
2024-08-19,2021,2,18,11,15
2024-08-20,2022,12,10,54,4
2024-08-21,2020,4,21,45,93
2024-08-22,2020,11,4,47,73
2024-08-23,2021,7,12,12,27
2024-08-24,2022,11,27,21,26
2024-08-25,2022,4,8,11,19
2024-08-26,2021,4,2,92,92
2024-08-27,2021,6,22,5,17
2024-08-28,2022,10,13,81,43
2024-08-29,2020,6,21,56,41
2024-08-30,2022,10,31,20,42
2024-08-31,2021,3,16,41,50
2024-09-01,2020,9,28,46,84
2024-09-02,2020,12,2,12,40
2024-09-03,2021,10,11,70,39
2024-09-04,2021,11,10,17,23
2024-09-05,2021,2,15,19,96
2024-09-06,2022,6,17,26,52
2024-09-07,2022,12,8,48,47
2024-09-08,2020,7,18,52,63
2024-09-09,2021,12,23,96,97
2024-09-10,2020,9,9,70,69
2024-09-11,2020,3,25,55,43
2024-09-12,2020,10,8,100,48
2024-09-13,2020,3,27,75,34
2024-09-14,2021,7,14,33,40
2024-09-15,2020,4,28,62,75
2024-09-16,2021,8,26,88,61
2024-09-17,2021,7,25,23,50
2024-09-18,2022,5,18,15,67
2024-09-19,2021,7,22,27,62
2024-09-20,2022,3,20,75,58
2024-09-21,2021,12,30,64,33
2024-09-22,2021,2,20,81,75
2024-09-23,2021,6,21,51,16
2024-09-24,2022,2,12,53,82
2024-09-25,2022,3,19,78,94
2024-09-26,2020,6,14,91,48
